{
	"id": "68a89d30-999a-420f-a9e2-4b71ae75a5ee",
	"name": "DSCommerce env",
	"values": [
		{
			"key": "host",
			"value": "http://localhost:8080",
			"type": "default",
			"enabled": true
		},
		{
			"key": "client-id",
			"value": "myclientid",
			"type": "default",
			"enabled": true
		},
		{
			"key": "client-secret",
			"value": "myclientsecret",
			"type": "default",
			"enabled": true
		},
		{
			"key": "username",
			"value": "maria@gmail.com",
			"type": "default",
			"enabled": true
		},
		{
			"key": "password",
			"value": "123456",
			"type": "default",
			"enabled": true
		},
		{
			"key": "token",
			"value": "",
			"type": "default",
			"enabled": true
		}
	],
	"_postman_variable_scope": "environment",
	"_postman_exported_at": "2023-06-24T13:13:33.929Z",
	"_postman_exported_using": "Postman/10.15.4"
}